user_id,user_name,role
1,Jordan Lee,worker
2,Casey Morgan,worker
3,Taylor Brooks,worker
4,Alex Parker,worker
5,Morgan Reed,worker
6,Riley Chen,worker
7,Cameron Ellis,worker
8,Avery Patel,worker
9,Jamie Foster,worker
10,Quinn Bailey,worker
11,Rowan Mitchell,worker
12,Skyler Nguyen,worker
13,Dakota Hughes,worker
14,Reese Sullivan,worker
15,Emerson Clark,worker
16,Finley Ross,worker
17,Hayden Murphy,worker
18,Peyton Ward,worker
19,Charlie Bennett,worker
20,Robin Turner,worker
21,Samira Khan,worker
22,Devon Price,worker
