Category,Product
Demo Paper Goods,Demo Paper Towels
Demo Paper Goods,Demo Facial Tissues
Demo Paper Goods,Demo Toilet Tissue
Demo Cleaning Tools,Demo Microfiber Cloth
Demo Cleaning Tools,Demo Scrub Brush
Demo Cleaning Tools,Demo Floor Mop
Demo Cleaning Tools,Demo Utility Pail
Demo Cleaning Products,Demo All-Purpose Cleaner
Demo Cleaning Products,Demo Glass Cleaner
Demo Cleaning Products,Demo Floor Cleaner
Demo Cleaning Products,Demo Dish Soap
Demo Waste Supplies,Demo Small Waste Bags
Demo Waste Supplies,Demo Large Waste Bags
Demo Personal Protection,Demo Disposable Gloves
Demo Personal Protection,Demo Safety Glasses
Demo Personal Protection,Demo Dust Masks
Demo Washroom Supplies,Demo Hand Soap
Demo Washroom Supplies,Demo Hand Sanitizer
Demo Office Supplies,Demo Notepad
Demo Office Supplies,Demo Ballpoint Pens
